username,user id,access hash,group,group id,status
ziddi0008,1369869123,7436346250354183545,Web Developer,1462736986,2022-09-01 06:50:25+00:00
future_zone_academy,1540607281,7065268712292131993,Web Developer,1462736986,2022-08-31 14:47:59+00:00
zedd_c,981633473,-8344838842555266240,Web Developer,1462736986,UserStatusRecently
Zombie_hunter1308,836527085,3444956057756800172,Web Developer,1462736986,UserStatusRecently
Deadpool_0880,857855993,-4075195533522814129,Web Developer,1462736986,UserStatusRecently
zero_0_day_404,5159480080,606510181591547414,Web Developer,1462736986,UserStatusRecently
Zuccc_082,615512367,-181371852914283894,Web Developer,1462736986,2022-09-01 06:59:35+00:00
,1289284438,2230282331377346913,Web Developer,1462736986,2022-08-31 07:02:39+00:00
zxv_valid,1550424214,7691485578150754866,Web Developer,1462736986,UserStatusRecently
ZanderFx,1409175829,-3344105792861072941,Web Developer,1462736986,UserStatusOnline
Zhack73,1749710039,5985623198975640808,Web Developer,1462736986,2022-08-31 09:02:54+00:00
far_z_ee,774098093,2814973702034107192,Web Developer,1462736986,2022-08-31 20:01:03+00:00
rightzoom,1056147033,-8384882491630334780,Web Developer,1462736986,2022-08-31 16:55:00+00:00
,1097480459,-1816033577070920195,Web Developer,1462736986,2022-09-01 06:22:47+00:00
,1873727201,-1081080121141241836,Web Developer,1462736986,UserStatusRecently
z2d4d1gh3,1431701612,3389670772202445187,Web Developer,1462736986,UserStatusRecently
Zivyx,805031027,8320770111278929524,Web Developer,1462736986,UserStatusRecently
zamindar_jaat,1556873606,3470458552513877331,Web Developer,1462736986,2022-09-01 01:51:41+00:00
Czr001,1251882122,5904816243537339239,Web Developer,1462736986,UserStatusRecently